{"cameraMode":{"drawMode":0,"name":"Shaded","section":"Shading Mode"},"sceneLighting":false,"audioPlay":false,"sceneViewState":{"showFog":true,"showMaterialUpdate":false,"showSkybox":false,"showFlares":true,"showImageEffects":true,"showParticleSystems":true},"in2DMode":false,"pivot":{"x":-0.01624441146850586,"y":1.0,"z":-209.4499969482422},"rotation":{"x":-0.16555984318256379,"y":-0.07477865368127823,"z":0.012589187361299992,"w":-0.9832843542098999},"size":5.034900665283203,"orthographic":false}