{"cameraMode":{"drawMode":0,"name":"Shaded","section":"Shading Mode"},"sceneLighting":false,"audioPlay":false,"sceneViewState":{"showFog":true,"showMaterialUpdate":false,"showSkybox":false,"showFlares":true,"showImageEffects":true,"showParticleSystems":true},"in2DMode":false,"pivot":{"x":1.1361933946609498,"y":1.0,"z":-205.1862335205078},"rotation":{"x":-0.16555984318256379,"y":-0.07477865368127823,"z":0.012589187361299992,"w":-0.9832843542098999},"size":4.185916900634766,"orthographic":false}