{"cameraMode":{"drawMode":0,"name":"Shaded","section":"Shading Mode"},"sceneLighting":true,"audioPlay":false,"sceneViewState":{"showFog":true,"showMaterialUpdate":false,"showSkybox":true,"showFlares":true,"showImageEffects":true,"showParticleSystems":true},"in2DMode":false,"pivot":{"x":0.009001392871141434,"y":1.2183113098144532,"z":-7.633179664611816},"rotation":{"x":0.19078676402568818,"y":0.019140176475048066,"z":-0.003721347078680992,"w":0.9814409017562866},"size":9.550000190734864,"orthographic":false}